,id_item,length,width,height,weight,nesting_height,stackability_code,forced_orientation,max_stackability
766,I01662,1400,1200,1450,179.4,45,12,n,100
1649,I07015,2050,1550,1450,215.582,45,7,n,100
2575,I30264,800,600,445,16.67,0,3,n,100
496,I00496,1200,1000,975,142.59,45,2,n,100
2160,I13834,2200,1600,1450,258.56,45,14,n,100
2456,I22608,2000,1200,545,408.88,45,5,n,100
2143,I13730,780,570,478,81.72,47,8,w,4
2270,I16169,1800,1200,930,249.0,45,9,n,100
143,I00143,1600,1200,930,313.0,45,0,n,100
864,I02309,2050,1550,1450,215.582,45,7,n,100
1974,I11000,780,570,478,170.28,47,8,w,4
538,I00768,2050,1550,1450,215.582,45,7,n,100
1097,I03286,1800,1400,1020,201.008,45,11,n,3
1179,I03853,2200,1600,1450,258.56,45,14,n,100
1788,I08982,2000,1200,2350,367.608,45,22,n,100
1441,I05348,1800,1400,1020,303.45,45,11,n,100
1033,I03134,1400,1200,1450,179.4,45,12,n,100
880,I02325,2050,1550,1450,215.582,45,7,n,100
1849,I09592,780,570,478,100.96,47,8,w,4
442,I00442,1200,1000,975,142.59,45,2,n,100
2007,I11393,1800,1200,1350,820.48,45,9,n,100
5,I00005,1200,1000,750,106.03,45,2,n,100
1996,I11340,2030,1530,1350,245.36,45,13,n,100
2389,I19168,2030,1530,1350,294.22,45,13,n,100
2384,I18818,1800,1200,930,249.0,45,9,n,100
147,I00147,2050,1550,1450,215.582,45,7,n,100
1114,I03397,2000,1200,545,408.88,45,5,n,100
313,I00313,2350,1000,950,286.656,45,4,n,100
1776,I08895,2200,1600,1450,258.56,45,14,n,100
2252,I15818,1800,1200,1350,820.48,45,9,n,100
1622,I06877,2050,1550,1450,215.582,45,7,n,100
57,I00057,1200,1000,975,131.366,45,2,n,100
100,I00100,1900,1200,750,177.104,45,6,n,100
465,I00465,2200,1600,1450,258.56,45,14,n,100
1245,I04163,1800,1400,1020,201.008,45,11,n,3
619,I01015,2050,1550,1450,215.582,45,7,n,100
326,I00326,1200,1000,975,129.0,45,2,n,100
2292,I16267,2200,1600,1450,258.56,45,14,n,100
152,I00152,2050,1550,1450,215.582,45,7,n,100
831,I02009,1910,1200,1295,613.59,45,19,n,100
1443,I05350,1800,1400,1020,303.45,45,11,n,100
827,I02005,1910,1200,1295,613.59,45,19,n,100
863,I02308,2050,1550,1450,215.582,45,7,n,100
814,I01992,1910,1200,1295,613.59,45,19,n,100
2369,I18273,2030,1530,1350,245.36,45,13,n,100
2061,I12123,2030,1530,1350,245.36,45,13,n,100
350,I00350,1600,1200,930,149.322,45,0,n,100
1680,I07636,780,570,478,82.32,47,8,w,4
1351,I04826,2030,1530,1350,245.36,45,13,n,100
2057,I12053,2030,1530,1350,294.22,45,13,n,100
1123,I03467,780,570,478,104.768,47,8,w,4
1323,I04584,2030,1530,1350,294.22,45,13,n,100
1959,I10697,2200,1600,1450,258.56,45,14,n,100
930,I02554,2050,1550,1450,215.582,45,7,n,100
1424,I05188,1900,1200,750,257.46,45,6,n,100
785,I01791,2350,1000,950,286.656,45,4,n,100
604,I00984,1400,1200,1450,179.4,45,12,n,100
2060,I12122,2030,1530,1350,245.36,45,13,n,100
1481,I05571,1400,1200,1450,179.4,45,12,n,100
2388,I19032,1800,1200,930,249.0,45,9,n,100
2411,I21314,2000,1200,2350,367.608,45,22,n,100
625,I01038,1900,1200,750,845.38,45,6,n,100
548,I00789,2200,1600,1450,258.56,45,14,n,100
523,I00541,1600,1200,930,174.305,45,0,n,100
1260,I04199,1800,1400,1020,201.008,45,11,n,3
949,I02687,1900,1200,750,177.104,45,6,n,100
3,I00003,1200,1000,930,413.58,45,2,n,100
2256,I16056,2030,1530,1350,245.36,45,13,n,100
2180,I14192,1800,1200,930,249.0,45,9,n,100
2450,I22029,2030,1530,1350,245.36,45,13,n,100
1320,I04581,780,570,478,96.256,47,8,w,4
349,I00349,1900,1200,750,257.46,45,6,n,100
1250,I04168,1800,1400,1020,201.008,45,11,n,3
2354,I18194,1910,1200,1295,613.59,45,19,n,100
396,I00396,1400,1200,1450,179.4,45,12,n,100
957,I02715,1400,1200,1450,179.4,45,12,n,100
2446,I22025,2030,1530,1350,245.36,45,13,n,100
2002,I11353,1900,1200,750,177.104,45,6,n,100
2518,I28458,1910,1200,1295,613.59,45,19,n,100
436,I00436,1200,1000,930,704.12,45,2,n,100
2332,I17935,2000,1200,545,408.88,45,5,n,100
2033,I11556,1900,1200,750,177.104,45,6,n,100
934,I02606,2350,1000,950,286.656,45,4,n,100
2055,I11969,780,570,478,81.72,47,8,w,4
1993,I11337,2030,1530,1350,245.36,45,13,n,100
450,I00450,1600,1200,930,174.305,45,0,n,100
2210,I14555,1800,1200,930,249.0,45,9,n,100
173,I00173,1200,1000,1155,166.6,0,1,n,100
1770,I08666,1900,1200,750,257.46,45,6,n,100
2662,I46856,800,600,445,16.67,0,3,n,100
1057,I03164,2350,1000,950,272.592,45,4,n,100
1682,I07690,780,570,478,100.96,47,8,w,4
774,I01670,1400,1200,1450,179.4,45,12,n,100
36,I00036,1600,1200,975,166.392,45,0,n,100
234,I00234,1200,1000,930,140.0,45,2,n,100
2167,I14021,2200,1600,1450,258.56,45,14,n,100
205,I00205,1200,1000,750,105.224,45,2,n,100
675,I01256,1800,1200,930,249.0,45,9,n,100
391,I00391,1400,1200,1450,179.4,45,12,n,100
441,I00441,1200,1000,975,142.59,45,2,n,100
1759,I08627,1900,1200,750,177.104,45,6,n,100
924,I02525,780,570,478,160.56,47,8,w,4
1606,I06827,1910,1200,1295,613.59,45,19,n,100
1556,I06557,1900,1200,750,177.104,45,6,n,100
445,I00445,1600,1200,975,246.9,45,0,n,100
2323,I17551,1800,1200,930,249.0,45,9,n,100
47,I00047,1600,1200,975,155.8,45,0,n,100
1412,I05111,2030,1530,1350,245.36,45,13,n,100
1667,I07406,1900,1200,750,257.46,45,6,n,100
1368,I04993,2050,1550,1450,215.582,45,7,n,100
2194,I14435,2030,1530,975,245.764,45,13,n,100
2053,I11967,780,570,478,81.72,47,8,w,4
734,I01508,1800,1200,930,249.0,45,9,n,100
7,I00007,800,600,445,16.67,0,3,n,100
1718,I08118,1900,1200,750,257.46,45,6,n,100
790,I01833,1800,1400,1020,303.45,45,11,n,100
1353,I04828,2030,1530,1350,245.36,45,13,n,100
1708,I07900,1900,1200,750,845.38,45,6,n,100
763,I01659,1400,1200,1450,179.4,45,12,n,100
243,I00243,1200,1000,1057,89.46,0,1,n,100
2522,I28462,1910,1200,1295,613.59,45,19,n,100
1751,I08560,780,570,478,101.52,47,8,w,4
997,I02911,1800,1400,1020,303.45,45,11,n,100
1955,I10689,780,570,478,100.96,47,8,w,4
1648,I07014,2050,1550,1450,215.582,45,7,n,100
2290,I16265,2200,1600,1450,258.56,45,14,n,100
2325,I17892,2030,1530,1350,245.36,45,13,n,100
1496,I05758,780,570,478,100.96,47,8,w,4
1765,I08633,1900,1200,750,177.104,45,6,n,100
1053,I03154,1400,1200,1450,179.4,45,12,n,100
1134,I03693,2050,1550,1450,215.582,45,7,n,100
717,I01486,1800,1400,1020,201.008,45,11,n,3
1347,I04778,1800,1400,1020,303.45,45,11,n,100
182,I00182,1200,1000,750,105.224,45,2,n,100
834,I02012,1910,1200,1295,613.59,45,19,n,100
2567,I29058,2000,1200,2350,367.608,45,22,n,100
1499,I05761,780,570,478,100.96,47,8,w,4
438,I00438,1600,1200,975,460.0,45,0,n,100
2390,I19238,2030,1530,975,245.764,45,13,n,100
203,I00203,1200,1000,750,105.224,45,2,n,100
255,I00255,1200,1000,975,153.088,45,2,n,100
2162,I13842,1800,1200,930,249.0,45,9,n,100
237,I00237,1200,1000,975,156.15,45,2,n,100
617,I00999,2200,1600,1450,258.56,45,14,n,100
456,I00456,1600,1200,930,307.13,45,0,n,100
946,I02684,1900,1200,750,177.104,45,6,n,100
459,I00459,2200,1600,1450,258.56,45,14,n,100
2014,I11515,1900,1200,750,177.104,45,6,n,100
1979,I11109,1900,1200,750,713.62,45,6,n,100
214,I00214,1600,1200,750,155.64,45,0,n,100
2104,I13513,2200,1600,1450,258.56,45,14,n,100
2373,I18277,2030,1530,1350,245.36,45,13,n,100
1574,I06693,2030,1530,1350,294.22,45,13,n,100
1122,I03466,780,570,478,104.768,47,8,w,4
576,I00864,780,570,478,100.96,47,8,w,4
564,I00840,2350,1000,950,271.36,45,4,n,100
2333,I17936,2000,1200,545,408.88,45,5,n,100
132,I00132,2350,1000,950,286.656,45,4,n,100
2525,I28465,1910,1200,1295,613.59,45,19,n,100
866,I02311,2050,1550,1450,215.582,45,7,n,100
1459,I05514,1400,1200,1450,179.4,45,12,n,100
1438,I05261,1400,1200,1450,179.4,45,12,n,100
953,I02711,1400,1200,1450,179.4,45,12,n,100
1545,I06390,1800,1200,930,249.0,45,9,n,100
2284,I16234,1800,1200,930,249.0,45,9,n,100
145,I00145,2050,1550,1450,215.582,45,7,n,100
67,I00067,1600,1200,1350,207.72,45,0,n,100
2469,I24273,800,600,445,25.34,0,3,n,100
2316,I17331,2000,1200,545,408.88,45,5,n,100
890,I02340,2350,1000,950,286.656,45,4,n,100
1510,I05792,2200,1600,1450,258.56,45,14,n,100
85,I00085,1900,1200,750,177.104,45,6,n,100
1396,I05095,1900,1200,750,177.104,45,6,n,100
1835,I09510,2200,1600,1450,258.56,45,14,n,100
2030,I11553,1900,1200,750,177.104,45,6,n,100
2042,I11575,1800,1200,930,249.0,45,9,n,100
729,I01498,1800,1400,1020,201.008,45,11,n,3
187,I00187,1200,1000,750,105.224,45,2,n,100
966,I02762,2350,1000,950,272.592,45,4,n,100
969,I02765,2350,1000,950,272.592,45,4,n,100
54,I00054,1600,1200,975,181.96,45,0,n,100
1414,I05153,780,570,478,100.96,47,8,w,4
1529,I06127,1910,1200,1295,613.59,45,19,n,100
2205,I14496,780,570,478,170.28,47,8,w,4
944,I02682,1900,1200,750,177.104,45,6,n,100
1145,I03718,1800,1400,1020,303.45,45,11,n,100
2119,I13595,1910,1200,1295,613.59,45,19,n,100
2579,I31255,800,600,445,16.67,0,3,n,100
1880,I10039,1800,1200,1350,820.48,45,9,n,100
1734,I08525,2050,1550,1450,215.582,45,7,n,100
1972,I10932,2000,1200,2350,367.608,45,22,n,100
2665,I50118,800,600,445,16.67,0,3,n,100
1925,I10435,780,570,478,100.96,47,8,w,4
1182,I03862,1900,1200,750,257.46,45,6,n,100
2073,I12373,1900,1200,750,257.46,45,6,n,100
1125,I03524,2350,1000,950,271.36,45,4,n,100
787,I01813,2350,1000,950,264.88,45,4,n,100
1015,I03099,2350,1000,950,271.36,45,4,n,100
550,I00791,2200,1600,1450,258.56,45,14,n,100
1614,I06869,2050,1550,1450,215.582,45,7,n,100
1804,I09076,1900,1200,750,257.46,45,6,n,100
674,I01255,1800,1200,930,249.0,45,9,n,100
61,I00061,1200,1000,975,131.366,45,2,n,100
1391,I05090,1900,1200,750,177.104,45,6,n,100
631,I01044,1800,1400,1020,303.45,45,11,n,100
338,I00338,1600,1200,930,364.84,45,0,n,100
272,I00272,1600,1200,930,149.212,45,0,n,100
1003,I03052,2350,1000,950,264.88,45,4,n,100
1586,I06807,1910,1200,1295,613.59,45,19,n,100
1596,I06817,1910,1200,1295,613.59,45,19,n,100
268,I00268,1600,1200,930,149.212,45,0,n,100
1211,I04106,1900,1200,750,177.104,45,6,n,100
1400,I05099,1900,1200,750,177.104,45,6,n,100
1557,I06558,1900,1200,750,177.104,45,6,n,100
2360,I18200,1910,1200,1295,613.59,45,19,n,100
371,I00371,1600,1200,930,387.3,45,0,n,100
340,I00340,1600,1200,930,356.56,45,0,n,100
1676,I07632,780,570,478,82.32,47,8,w,4
1998,I11342,2030,1530,1350,245.36,45,13,n,100
332,I00332,1200,1000,975,129.0,45,2,n,100
1115,I03404,780,570,478,81.72,47,8,w,4
912,I02407,1800,1400,1020,201.008,45,11,n,3
362,I00362,1800,1400,1020,201.008,45,11,n,3
1662,I07393,1900,1200,750,257.46,45,6,n,100
510,I00526,1600,1200,750,148.86,45,0,n,100
1062,I03178,1900,1200,750,257.46,45,6,n,100
518,I00534,1600,1200,750,148.86,45,0,n,100
652,I01179,1400,1200,1450,179.4,45,12,n,100
52,I00052,1200,1000,359,38.6,0,1,n,100
28,I00028,1600,1200,975,155.8,45,0,n,100
2624,I38088,2000,1200,2350,367.608,45,22,n,100
2622,I38086,2000,1200,2350,367.608,45,22,n,100
484,I00484,1200,1000,750,135.8,45,2,n,100
1170,I03844,1400,1200,1450,179.4,45,12,n,100
2302,I16650,1800,1200,930,249.0,45,9,n,100
2067,I12129,2030,1530,1350,245.36,45,13,n,100
1439,I05262,1400,1200,1450,179.4,45,12,n,100
2377,I18376,2000,1200,545,408.88,45,5,n,100
1779,I08898,2200,1600,1450,258.56,45,14,n,100
1593,I06814,1910,1200,1295,613.59,45,19,n,100
695,I01409,780,570,478,82.32,47,8,w,4
428,I00428,1600,1200,975,166.392,45,0,n,100
1643,I06947,1800,1200,930,249.0,45,9,n,100
1870,I09900,1900,1200,750,257.46,45,6,n,100
1506,I05788,2200,1600,1450,258.56,45,14,n,100
799,I01970,1800,1400,1020,303.45,45,11,n,100
1524,I06122,1910,1200,1295,613.59,45,19,n,100
1847,I09590,780,570,478,100.96,47,8,w,4
936,I02608,2350,1000,950,286.656,45,4,n,100
956,I02714,1400,1200,1450,179.4,45,12,n,100
898,I02382,2200,1600,1450,258.56,45,14,n,100
1313,I04512,2030,1530,975,245.764,45,13,n,100
2606,I35726,2000,1200,545,408.88,45,5,n,100
323,I00323,1200,1000,975,129.0,45,2,n,100
1995,I11339,2030,1530,1350,245.36,45,13,n,100
2134,I13626,1800,1200,930,249.0,45,9,n,100
2618,I37485,2000,1200,545,408.88,45,5,n,100
1080,I03262,2350,1000,950,286.656,45,4,n,100
327,I00327,1200,1000,975,129.0,45,2,n,100
2461,I23800,2030,1530,1350,245.36,45,13,n,100
1860,I09840,780,570,478,81.72,47,8,w,4
169,I00169,1200,1000,459,48.56,0,1,n,100
896,I02346,2350,1000,950,286.656,45,4,n,100
560,I00828,1800,1400,1020,303.45,45,11,n,100
1284,I04391,2050,1550,1450,215.582,45,7,n,100
1358,I04878,1900,1200,750,257.46,45,6,n,100
2590,I32530,2000,1200,2350,367.608,45,22,n,100
2357,I18197,1910,1200,1295,613.59,45,19,n,100
107,I00107,1600,1200,750,137.391,45,0,n,100
2028,I11551,1900,1200,750,177.104,45,6,n,100
2404,I21065,2030,1530,975,245.764,45,13,n,100
802,I01973,1800,1400,1020,303.45,45,11,n,100
703,I01472,1800,1400,1020,201.008,45,11,n,3
647,I01174,1400,1200,1450,179.4,45,12,n,100
2138,I13632,800,600,445,16.67,0,3,n,100
1156,I03752,2350,1000,950,272.592,45,4,n,100
88,I00088,1900,1200,750,177.104,45,6,n,100
149,I00149,2050,1550,1450,215.582,45,7,n,100
1570,I06571,1900,1200,750,177.104,45,6,n,100
200,I00200,1200,1000,750,105.224,45,2,n,100
1753,I08581,2200,1600,1450,258.56,45,14,n,100
2559,I29050,2000,1200,2350,367.608,45,22,n,100
2444,I21546,2030,1530,1350,294.22,45,13,n,100
15,I00015,1200,1000,1155,109.48,0,1,n,100
1677,I07633,780,570,478,82.32,47,8,w,4
2294,I16345,1800,1200,1350,820.48,45,9,n,100
1162,I03760,1800,1200,930,249.0,45,9,n,100
280,I00280,1600,1200,930,149.322,45,0,n,100
1664,I07403,1800,1200,930,249.0,45,9,n,100
1617,I06872,2050,1550,1450,215.582,45,7,n,100
2183,I14243,780,570,478,82.32,47,8,w,4
1740,I08531,2050,1550,1450,215.582,45,7,n,100
1801,I09025,2030,1530,975,245.764,45,13,n,100
2039,I11572,1800,1200,930,249.0,45,9,n,100
1587,I06808,1910,1200,1295,613.59,45,19,n,100
359,I00359,1800,1400,1020,201.008,45,11,n,3
1911,I10343,1900,1200,750,257.46,45,6,n,100
1697,I07717,2000,1200,2350,367.608,45,22,n,100
2403,I21064,2030,1530,975,245.764,45,13,n,100
1440,I05347,1800,1400,1020,303.45,45,11,n,100
1202,I04097,1900,1200,750,177.104,45,6,n,100
1873,I10030,1800,1200,930,249.0,45,9,n,100
2271,I16170,1800,1200,930,249.0,45,9,n,100
2413,I21316,2000,1200,2350,367.608,45,22,n,100
2601,I34611,1910,1200,1295,613.59,45,19,n,100
1432,I05255,1400,1200,1450,179.4,45,12,n,100
1581,I06802,1910,1200,1295,613.59,45,19,n,100
1541,I06350,780,570,478,160.56,47,8,w,4
2094,I12726,1900,1200,750,257.46,45,6,n,100
1656,I07102,2000,1200,545,408.88,45,5,n,100
1437,I05260,1400,1200,1450,179.4,45,12,n,100
1705,I07753,1800,1200,930,249.0,45,9,n,100
1491,I05622,2000,1200,545,408.88,45,5,n,100
1474,I05542,1800,1200,930,249.0,45,9,n,100
124,I00124,1600,1200,750,137.391,45,0,n,100
1695,I07715,2000,1200,2350,367.608,45,22,n,100
306,I00306,1200,1000,750,222.94,45,2,n,100
1704,I07752,1800,1200,930,249.0,45,9,n,100
1723,I08303,1800,1200,930,249.0,45,9,n,100
1143,I03716,1800,1400,1020,303.45,45,11,n,100
1645,I07011,2050,1550,1450,215.582,45,7,n,100
1302,I04486,2350,1000,950,271.36,45,4,n,100
2192,I14374,1800,1200,930,249.0,45,9,n,100
1585,I06806,1910,1200,1295,613.59,45,19,n,100
2075,I12387,2000,1200,545,408.88,45,5,n,100
606,I00986,1400,1200,1450,179.4,45,12,n,100
507,I00523,780,570,478,100.96,47,8,w,4
582,I00889,2030,1530,1350,245.36,45,13,n,100
2232,I14970,1800,1200,1350,820.48,45,9,n,100
2242,I15285,2200,1600,1450,258.56,45,14,n,100
1161,I03759,1800,1200,930,249.0,45,9,n,100
1982,I11250,2200,1600,1450,258.56,45,14,n,100
897,I02347,2350,1000,950,286.656,45,4,n,100
976,I02818,1800,1400,1020,303.45,45,11,n,100
1582,I06803,1910,1200,1295,613.59,45,19,n,100
2429,I21489,1910,1200,1295,613.59,45,19,n,100
628,I01041,1800,1400,1020,303.45,45,11,n,100
2335,I18125,1800,1200,1350,820.48,45,9,n,100
1975,I11001,780,570,478,170.28,47,8,w,4
732,I01501,1800,1400,1020,201.008,45,11,n,3
1902,I10219,2200,1600,1450,258.56,45,14,n,100
2527,I28467,1910,1200,1295,613.59,45,19,n,100
768,I01664,1400,1200,1450,179.4,45,12,n,100
127,I00127,1600,1200,750,137.391,45,0,n,100
968,I02764,2350,1000,950,272.592,45,4,n,100
922,I02430,1800,1400,1020,303.45,45,11,n,100
1650,I07016,2050,1550,1450,215.582,45,7,n,100
565,I00853,2030,1530,1350,294.22,45,13,n,100
274,I00274,1600,1200,930,227.44,45,0,n,100
2327,I17894,2030,1530,1350,245.36,45,13,n,100
2135,I13627,1800,1200,930,249.0,45,9,n,100
916,I02424,1800,1400,1020,303.45,45,11,n,100
646,I01173,1400,1200,1450,179.4,45,12,n,100
852,I02282,1900,1200,750,845.38,45,6,n,100
1715,I08058,1800,1200,930,249.0,45,9,n,100
9,I00009,1600,1200,975,178.6,45,0,n,100
2051,I11965,780,570,478,81.72,47,8,w,4
282,I00282,1600,1200,930,149.322,45,0,n,100
1854,I09597,780,570,478,100.96,47,8,w,4
175,I00175,2350,1000,950,271.36,45,4,n,100
2158,I13832,2200,1600,1450,258.56,45,14,n,100
2499,I26671,1910,1200,1295,613.59,45,19,n,100
2300,I16648,1800,1200,930,249.0,45,9,n,100
318,I00318,2350,1000,950,286.656,45,4,n,100
2344,I18184,1910,1200,1295,613.59,45,19,n,100
2272,I16177,1200,800,880,462.0,45,23,n,100
1962,I10885,1800,1200,930,249.0,45,9,n,100
297,I00297,1600,1200,930,149.322,45,0,n,100
939,I02677,780,570,478,96.256,47,8,w,4
215,I00215,1600,1200,750,155.64,45,0,n,100
1007,I03056,2350,1000,950,272.592,45,4,n,100
589,I00969,1400,1200,1450,179.4,45,12,n,100
605,I00985,1400,1200,1450,179.4,45,12,n,100
2529,I28469,1910,1200,1295,613.59,45,19,n,100
1192,I04026,2030,1530,1350,294.22,45,13,n,100
2031,I11554,1900,1200,750,177.104,45,6,n,100
1721,I08301,1800,1200,930,249.0,45,9,n,100
109,I00109,1600,1200,750,137.391,45,0,n,100
1310,I04507,2350,1000,950,271.36,45,4,n,100
1016,I03100,2350,1000,950,271.36,45,4,n,100
1236,I04154,1800,1400,1020,201.008,45,11,n,3
1866,I09895,780,570,478,170.28,47,8,w,4
2526,I28466,1910,1200,1295,613.59,45,19,n,100
1884,I10068,780,570,478,96.256,47,8,w,4
2202,I14493,780,570,478,170.28,47,8,w,4
744,I01537,2050,1550,1450,215.582,45,7,n,100
1085,I03273,1800,1400,1020,303.45,45,11,n,100
844,I02199,2030,1530,1350,245.36,45,13,n,100
1048,I03149,1400,1200,1450,179.4,45,12,n,100
1722,I08302,1800,1200,930,249.0,45,9,n,100
850,I02226,780,570,478,96.256,47,8,w,4
64,I00064,1600,1200,1350,207.72,45,0,n,100
692,I01385,2050,1550,1450,215.582,45,7,n,100
1386,I05033,780,570,478,160.56,47,8,w,4
1255,I04194,1800,1400,1020,201.008,45,11,n,3
1803,I09027,2030,1530,975,245.764,45,13,n,100
2219,I14827,2200,1600,1450,258.56,45,14,n,100
1932,I10464,2000,1200,2350,367.608,45,22,n,100
1329,I04644,1900,1200,750,257.46,45,6,n,100
693,I01407,780,570,478,82.32,47,8,w,4
1834,I09444,2030,1530,1350,245.36,45,13,n,100
2178,I14190,1800,1200,930,249.0,45,9,n,100
1514,I05866,2200,1600,1450,258.56,45,14,n,100
2462,I23801,2030,1530,1350,245.36,45,13,n,100
1150,I03746,2350,1000,950,272.592,45,4,n,100
1185,I03953,2350,1000,950,271.36,45,4,n,100
53,I00053,1600,1200,975,181.96,45,0,n,100
293,I00293,1600,1200,930,149.322,45,0,n,100
746,I01539,2050,1550,1450,215.582,45,7,n,100
1796,I08998,2050,1550,1450,215.582,45,7,n,100
1754,I08582,2200,1600,1450,258.56,45,14,n,100
2336,I18176,1910,1200,1295,613.59,45,19,n,100
2127,I13603,1910,1200,1295,613.59,45,19,n,100
1684,I07692,780,570,478,100.96,47,8,w,4
2273,I16194,2200,1600,1450,258.56,45,14,n,100
1256,I04195,1800,1400,1020,201.008,45,11,n,3
2472,I24338,2030,1530,975,245.764,45,13,n,100
2635,I38710,2000,1200,545,408.88,45,5,n,100
2059,I12121,2030,1530,1350,245.36,45,13,n,100
1917,I10368,1900,1200,750,257.46,45,6,n,100
1448,I05374,1800,1200,1350,820.48,45,9,n,100
597,I00977,1400,1200,1450,179.4,45,12,n,100
1355,I04830,2030,1530,1350,245.36,45,13,n,100
1102,I03291,2350,1000,950,271.36,45,4,n,100
2260,I16060,2030,1530,1350,245.36,45,13,n,100
839,I02162,2030,1530,975,245.764,45,13,n,100
1599,I06820,1910,1200,1295,613.59,45,19,n,100
2177,I14189,2030,1530,1350,245.36,45,13,n,100
417,I00417,1600,1200,930,227.0,45,0,n,100
914,I02422,1800,1400,1020,303.45,45,11,n,100
757,I01653,1400,1200,1450,179.4,45,12,n,100
1029,I03130,1400,1200,1450,179.4,45,12,n,100
2077,I12468,1900,1200,750,713.62,45,6,n,100
1072,I03231,2350,1000,950,264.88,45,4,n,100
2049,I11806,780,570,478,270.08,47,8,w,4
1180,I03854,2200,1600,1450,258.56,45,14,n,100
1941,I10517,2400,1200,1490,340.5,45,24,n,100
2653,I41402,2400,1200,1490,340.5,45,24,n,5
740,I01533,2050,1550,1450,215.582,45,7,n,100
2010,I11511,1900,1200,750,177.104,45,6,n,100
2136,I13628,1800,1200,930,249.0,45,9,n,100
585,I00892,2030,1530,1350,245.36,45,13,n,100
1352,I04827,2030,1530,1350,245.36,45,13,n,100
1820,I09289,780,570,478,82.32,47,8,w,4
1535,I06257,2000,1200,2350,367.608,45,22,n,100
2065,I12127,2030,1530,1350,245.36,45,13,n,100
2431,I21491,1910,1200,1295,613.59,45,19,n,100
2026,I11549,1900,1200,750,177.104,45,6,n,100
213,I00213,1200,1000,459,72.7,0,1,n,100
153,I00153,2050,1550,1450,215.582,45,7,n,100
1228,I04146,1800,1400,1020,201.008,45,11,n,3
23,I00023,1600,1200,930,169.96,45,0,n,100
680,I01348,1800,1200,930,249.0,45,9,n,100
156,I00156,2050,1550,1450,215.582,45,7,n,100
2571,I29115,2000,1200,2350,367.608,45,22,n,100
102,I00102,1200,1000,930,133.104,45,2,n,100
1503,I05765,780,570,478,100.96,47,8,w,4
2296,I16347,1800,1200,1350,820.48,45,9,n,100
1019,I03120,1400,1200,1450,179.4,45,12,n,100
258,I00258,1200,1000,975,129.0,45,2,n,100
1388,I05087,1900,1200,750,177.104,45,6,n,100
749,I01542,2050,1550,1450,215.582,45,7,n,100
1024,I03125,1400,1200,1450,179.4,45,12,n,100
2513,I28453,1910,1200,1295,613.59,45,19,n,100
2159,I13833,2200,1600,1450,258.56,45,14,n,100
1538,I06260,2000,1200,2350,367.608,45,22,n,100
1372,I04997,2050,1550,1450,215.582,45,7,n,100
716,I01485,1800,1400,1020,201.008,45,11,n,3
697,I01445,1900,1200,750,713.62,45,6,n,100
150,I00150,2050,1550,1450,215.582,45,7,n,100
361,I00361,1800,1400,1020,201.008,45,11,n,3
1560,I06561,1900,1200,750,177.104,45,6,n,100
1058,I03165,2350,1000,950,272.592,45,4,n,100
1005,I03054,2350,1000,950,264.88,45,4,n,100
658,I01185,1400,1200,1450,179.4,45,12,n,100
1927,I10437,780,570,478,100.96,47,8,w,4
1864,I09891,800,600,445,16.67,0,3,n,100
2153,I13827,2200,1600,1450,258.56,45,14,n,100
1696,I07716,2000,1200,2350,367.608,45,22,n,100
1361,I04914,800,600,445,16.67,0,3,n,100
1032,I03133,1400,1200,1450,179.4,45,12,n,100
270,I00270,1600,1200,930,149.212,45,0,n,100
2623,I38087,2000,1200,2350,367.608,45,22,n,100
528,I00563,2350,1000,950,272.592,45,4,n,100
1712,I07995,1900,1200,750,257.46,45,6,n,100
889,I02339,2350,1000,950,286.656,45,4,n,100
580,I00887,2030,1530,1350,245.36,45,13,n,100
1040,I03141,1400,1200,1450,179.4,45,12,n,100
1859,I09839,780,570,478,81.72,47,8,w,4
2314,I16996,2000,1600,1370,339.6,45,26,n,100
1105,I03300,2350,1000,950,271.36,45,4,n,100
2044,I11577,2200,1600,1450,258.56,45,14,n,100
1980,I11248,2200,1600,1450,258.56,45,14,n,100
679,I01284,780,570,478,96.256,47,8,w,4
1666,I07405,1900,1200,750,257.46,45,6,n,100
1184,I03952,2350,1000,950,271.36,45,4,n,100
2604,I35490,2000,1200,545,408.88,45,5,n,100
558,I00826,1800,1400,1020,303.45,45,11,n,100
1984,I11252,2200,1600,1450,258.56,45,14,n,100
2163,I13897,780,570,478,269.32,47,8,w,4
657,I01184,1400,1200,1450,179.4,45,12,n,100
1552,I06547,780,570,478,160.56,47,8,w,4
1891,I10076,2000,1200,2350,367.608,45,22,n,100
1601,I06822,1910,1200,1295,613.59,45,19,n,100
633,I01046,1800,1400,1020,303.45,45,11,n,100
1577,I06778,800,600,445,16.67,0,3,n,100
711,I01480,1800,1400,1020,201.008,45,11,n,3
2415,I21475,1910,1200,1295,613.59,45,19,n,100
2017,I11518,1900,1200,750,177.104,45,6,n,100
240,I00240,1200,1000,975,156.15,45,2,n,100
2147,I13785,800,600,445,16.67,0,3,n,100
4,I00004,1200,1000,750,106.03,45,2,n,100
2364,I18204,1910,1200,1295,613.59,45,19,n,100
2056,I11970,780,570,478,81.72,47,8,w,4
634,I01047,1800,1400,1020,303.45,45,11,n,100
2101,I13416,1910,1200,1405,805.9,100,25,n,100
2497,I26669,1910,1200,1295,613.59,45,19,n,100
2342,I18182,1910,1200,1295,613.59,45,19,n,100
2261,I16061,2030,1530,1350,245.36,45,13,n,100
2557,I29048,2000,1200,2350,367.608,45,22,n,100
554,I00822,1800,1400,1020,303.45,45,11,n,100
1025,I03126,1400,1200,1450,179.4,45,12,n,100
2087,I12582,2200,1600,1450,258.56,45,14,n,100
1178,I03852,1400,1200,1450,179.4,45,12,n,100
1418,I05157,780,570,478,100.96,47,8,w,4
1327,I04612,2200,1600,1450,258.56,45,14,n,100
990,I02884,2200,1600,1450,258.56,45,14,n,100
1317,I04577,2200,1600,1450,258.56,45,14,n,100
2276,I16212,2200,1600,1450,258.56,45,14,n,100
217,I00217,1200,1000,975,139.98,45,2,n,100
1300,I04455,2350,1000,950,286.656,45,4,n,100
1780,I08899,2200,1600,1450,258.56,45,14,n,100
841,I02196,2030,1530,1350,245.36,45,13,n,100
224,I00224,1200,1000,975,329.77,45,2,n,100
2328,I17895,2030,1530,1350,245.36,45,13,n,100
2213,I14652,1800,1200,930,249.0,45,9,n,100
2558,I29049,2000,1200,2350,367.608,45,22,n,100
2361,I18201,1910,1200,1295,613.59,45,19,n,100
1261,I04200,1800,1400,1020,201.008,45,11,n,3
1344,I04775,1800,1400,1020,303.45,45,11,n,100
1172,I03846,1400,1200,1450,179.4,45,12,n,100
2652,I41401,2400,1200,1490,340.5,45,24,n,5
562,I00830,1800,1400,1020,303.45,45,11,n,100
1200,I04095,1900,1200,750,177.104,45,6,n,100
1632,I06887,2050,1550,1450,215.582,45,7,n,100
2189,I14371,1800,1200,930,249.0,45,9,n,100
1269,I04251,2030,1530,1350,294.22,45,13,n,100
303,I00303,1200,1000,545,526.75,45,2,n,100
1120,I03461,2350,1000,950,272.592,45,4,n,100
388,I00388,1400,1200,1450,179.4,45,12,n,100
2224,I14832,2200,1600,1450,258.56,45,14,n,100
1064,I03180,2050,1550,1450,215.582,45,7,n,100
1594,I06815,1910,1200,1295,613.59,45,19,n,100
164,I00164,1200,1000,750,227.528,45,2,n,100
2483,I25164,2000,1200,545,408.88,45,5,n,100
967,I02763,2350,1000,950,272.592,45,4,n,100
1076,I03250,2350,1000,950,266.88,45,4,n,100
1023,I03124,1400,1200,1450,179.4,45,12,n,100
2015,I11516,1900,1200,750,177.104,45,6,n,100
1497,I05759,780,570,478,100.96,47,8,w,4
2320,I17345,1800,1200,930,249.0,45,9,n,100
1231,I04149,1800,1400,1020,201.008,45,11,n,3
1781,I08950,780,570,478,270.08,47,8,w,4
2309,I16943,1800,1200,930,249.0,45,9,n,100
624,I01037,2000,1200,545,408.88,45,5,n,100
1488,I05578,1400,1200,1450,179.4,45,12,n,100
1690,I07698,780,570,478,100.96,47,8,w,4
1843,I09586,780,570,478,100.96,47,8,w,4
812,I01990,1910,1200,1295,613.59,45,19,n,100
1900,I10217,2200,1600,1450,258.56,45,14,n,100
1430,I05253,1400,1200,1450,179.4,45,12,n,100
1337,I04741,2000,1200,545,408.88,45,5,n,100
77,I00077,1200,1000,975,131.366,45,2,n,100
1482,I05572,1400,1200,1450,179.4,45,12,n,100
307,I00307,1200,1000,750,222.94,45,2,n,100
1703,I07751,1800,1200,930,249.0,45,9,n,100
823,I02001,1910,1200,1295,613.59,45,19,n,100
2099,I13259,1900,1200,750,257.46,45,6,n,100
819,I01997,1910,1200,1295,613.59,45,19,n,100
368,I00368,1800,1400,1020,201.008,45,11,n,3
891,I02341,2350,1000,950,286.656,45,4,n,100
2016,I11517,1900,1200,750,177.104,45,6,n,100
1809,I09188,2030,1530,1350,294.22,45,13,n,100
1171,I03845,1400,1200,1450,179.4,45,12,n,100
2387,I18821,1800,1200,930,249.0,45,9,n,100
2545,I28485,1910,1200,1295,613.59,45,19,n,100
195,I00195,1200,1000,750,105.224,45,2,n,100
158,I00158,2050,1550,1450,215.582,45,7,n,100
2129,I13605,1910,1200,1295,613.59,45,19,n,100
1937,I10469,2000,1200,2350,367.608,45,22,n,100
2064,I12126,2030,1530,1350,245.36,45,13,n,100
874,I02319,2050,1550,1450,215.582,45,7,n,100
1526,I06124,1910,1200,1295,613.59,45,19,n,100
958,I02716,1400,1200,1450,179.4,45,12,n,100
2221,I14829,2200,1600,1450,258.56,45,14,n,100
2107,I13516,2200,1600,1450,258.56,45,14,n,100
87,I00087,1900,1200,750,177.104,45,6,n,100
1038,I03139,1400,1200,1450,179.4,45,12,n,100
247,I00247,1600,1200,930,149.322,45,0,n,100
333,I00333,2350,1000,950,264.88,45,4,n,100
2393,I19563,800,600,445,16.67,0,3,n,100
636,I01108,2350,1000,950,264.88,45,4,n,100
837,I02152,2350,1000,950,271.36,45,4,n,100
851,I02281,1800,1200,1350,820.48,45,9,n,100
546,I00787,2200,1600,1450,258.56,45,14,n,100
1147,I03720,1800,1400,1020,303.45,45,11,n,100
414,I00414,2030,1530,975,245.764,45,13,n,100
1279,I04314,2350,1000,950,286.656,45,4,n,100
2339,I18179,1910,1200,1295,613.59,45,19,n,100
1063,I03179,1900,1200,750,257.46,45,6,n,100
492,I00492,1600,1200,975,177.76,45,0,n,100
1890,I10075,2000,1200,2350,367.608,45,22,n,100
637,I01109,2350,1000,950,264.88,45,4,n,100
489,I00489,1200,1000,459,47.14,0,1,n,100
2211,I14579,2200,1600,1450,258.56,45,14,n,100
1897,I10192,1800,1200,930,249.0,45,9,n,100
421,I00421,1600,1200,930,227.0,45,0,n,100
1152,I03748,2350,1000,950,272.592,45,4,n,100
1973,I10999,780,570,478,170.28,47,8,w,4
212,I00212,1600,1200,930,171.1,45,0,n,100
2560,I29051,2000,1200,2350,367.608,45,22,n,100
105,I00105,1600,1200,750,137.391,45,0,n,100
383,I00383,1400,1200,1450,179.4,45,12,n,100
1073,I03239,1900,1200,750,845.38,45,6,n,100
2372,I18276,2030,1530,1350,245.36,45,13,n,100
2625,I38089,2000,1200,2350,367.608,45,22,n,100
1243,I04161,1800,1400,1020,201.008,45,11,n,3
573,I00861,780,570,478,100.96,47,8,w,4
2353,I18193,1910,1200,1295,613.59,45,19,n,100
1724,I08304,1800,1200,930,249.0,45,9,n,100
37,I00037,1600,1200,975,166.392,45,0,n,100
1800,I09003,2200,1600,1450,258.56,45,14,n,100
233,I00233,1200,1000,930,140.0,45,2,n,100
2500,I27167,2000,1200,545,408.88,45,5,n,100
415,I00415,1600,1200,930,227.0,45,0,n,100
304,I00304,1600,1200,975,197.164,45,0,n,100
8,I00008,1600,1200,975,178.6,45,0,n,100
586,I00893,2030,1530,1350,245.36,45,13,n,100
901,I02396,1800,1400,1020,201.008,45,11,n,3
2063,I12125,2030,1530,1350,245.36,45,13,n,100
1141,I03700,2050,1550,1450,215.582,45,7,n,100
308,I00308,1600,1200,930,387.3,45,0,n,100
21,I00021,2000,1200,545,408.88,45,5,n,100
981,I02838,2200,1600,1450,258.56,45,14,n,100
1450,I05505,1400,1200,1450,179.4,45,12,n,100
1571,I06572,1900,1200,750,177.104,45,6,n,100
27,I00027,1600,1200,975,155.8,45,0,n,100
643,I01170,1400,1200,1450,179.4,45,12,n,100
1623,I06878,2050,1550,1450,215.582,45,7,n,100
2285,I16235,1800,1200,930,249.0,45,9,n,100
2350,I18190,1910,1200,1295,613.59,45,19,n,100
136,I00136,2350,1000,950,286.656,45,4,n,100
2637,I38716,2000,1200,2350,367.608,45,22,n,100
808,I01986,1910,1200,1295,613.59,45,19,n,100
50,I00050,1200,1000,930,152.366,45,2,n,100
2362,I18202,1910,1200,1295,613.59,45,19,n,100
2115,I13591,1910,1200,1295,613.59,45,19,n,100
2620,I38068,2000,1200,545,408.88,45,5,n,100
1920,I10389,2050,1550,1450,215.582,45,7,n,100
1447,I05373,1800,1200,1350,820.48,45,9,n,100
728,I01497,1800,1400,1020,201.008,45,11,n,3
1534,I06256,2000,1200,2350,367.608,45,22,n,100
1126,I03525,2350,1000,950,271.36,45,4,n,100
2649,I38933,2000,1200,2350,367.608,45,22,n,100
1297,I04452,2350,1000,950,286.656,45,4,n,100
1319,I04579,2200,1600,1450,258.56,45,14,n,100
2638,I38717,2000,1200,2350,367.608,45,22,n,100
1341,I04772,1800,1400,1020,303.45,45,11,n,100
1428,I05251,1400,1200,1450,179.4,45,12,n,100
154,I00154,2050,1550,1450,215.582,45,7,n,100
180,I00180,1200,1000,750,105.224,45,2,n,100
408,I00408,1600,1200,1350,205.16,45,0,n,100
1933,I10465,2000,1200,2350,367.608,45,22,n,100
241,I00241,1200,1000,545,526.75,45,2,n,100
2182,I14242,780,570,478,82.32,47,8,w,4
2511,I28451,1910,1200,1295,613.59,45,19,n,100
954,I02712,1400,1200,1450,179.4,45,12,n,100
271,I00271,1600,1200,930,149.212,45,0,n,100
2225,I14833,2200,1600,1450,258.56,45,14,n,100
1054,I03160,2350,1000,950,275.76,45,4,n,100
62,I00062,1200,1000,975,131.366,45,2,n,100
2340,I18180,1910,1200,1295,613.59,45,19,n,100
1379,I05004,2050,1550,1450,215.582,45,7,n,100
2508,I28146,800,600,445,16.67,0,3,n,100
1813,I09262,1800,1200,1350,820.48,45,9,n,100
704,I01473,1800,1400,1020,201.008,45,11,n,3
2583,I32523,2000,1200,2350,367.608,45,22,n,100
1203,I04098,1900,1200,750,177.104,45,6,n,100
464,I00464,2200,1600,1450,258.56,45,14,n,100
1087,I03276,1800,1400,1020,201.008,45,11,n,3
1082,I03264,2350,1000,950,286.656,45,4,n,100
2310,I16986,1800,1200,930,249.0,45,9,n,100
862,I02307,2050,1550,1450,215.582,45,7,n,100
2130,I13606,1910,1200,1295,613.59,45,19,n,100
2157,I13831,2200,1600,1450,258.56,45,14,n,100
748,I01541,2050,1550,1450,215.582,45,7,n,100
1220,I04131,2030,1530,1350,294.22,45,13,n,100
1449,I05375,1800,1200,1350,820.48,45,9,n,100
678,I01283,780,570,478,96.256,47,8,w,4
2582,I32522,2000,1200,2350,367.608,45,22,n,100
2098,I13171,1800,1200,930,249.0,45,9,n,100
1292,I04399,2350,1000,950,286.656,45,4,n,100
1199,I04094,2350,1000,950,271.36,45,4,n,100
253,I00253,1200,1000,975,153.088,45,2,n,100
1771,I08727,1900,1200,750,257.46,45,6,n,100
1036,I03137,1400,1200,1450,179.4,45,12,n,100
941,I02679,780,570,478,96.256,47,8,w,4
2553,I28569,2000,1200,2350,367.608,45,22,n,100
2170,I14182,2030,1530,1350,245.36,45,13,n,100
945,I02683,1900,1200,750,177.104,45,6,n,100
1356,I04831,2030,1530,1350,245.36,45,13,n,100
2453,I22032,2030,1530,1350,245.36,45,13,n,100
935,I02607,2350,1000,950,286.656,45,4,n,100
1889,I10074,2000,1200,2350,367.608,45,22,n,100
506,I00522,780,570,478,100.96,47,8,w,4
2112,I13521,2200,1600,1450,258.56,45,14,n,100
877,I02322,2050,1550,1450,215.582,45,7,n,100
176,I00176,1200,1000,750,105.224,45,2,n,100
931,I02555,2000,1200,545,408.88,45,5,n,100
842,I02197,2030,1530,1350,245.36,45,13,n,100
2191,I14373,1800,1200,930,249.0,45,9,n,100
1625,I06880,2050,1550,1450,215.582,45,7,n,100
2550,I28566,2000,1200,2350,367.608,45,22,n,100
2436,I21496,1910,1200,1295,613.59,45,19,n,100
1049,I03150,1400,1200,1450,179.4,45,12,n,100
1654,I07022,1800,1200,930,249.0,45,9,n,100
805,I01983,1910,1200,1295,613.59,45,19,n,100
474,I00474,780,570,478,170.28,47,8,w,4
632,I01045,1800,1400,1020,303.45,45,11,n,100
2392,I19240,2030,1530,975,245.764,45,13,n,100
1912,I10346,2050,1550,1450,215.582,45,7,n,100
1799,I09002,2200,1600,1450,258.56,45,14,n,100
1479,I05569,1400,1200,1450,179.4,45,12,n,100
2574,I29844,800,600,445,25.34,0,3,n,100
191,I00191,1200,1000,750,105.224,45,2,n,100
1562,I06563,1900,1200,750,177.104,45,6,n,100
1564,I06565,1900,1200,750,177.104,45,6,n,100
1177,I03851,1400,1200,1450,179.4,45,12,n,100
1573,I06586,1900,1200,750,257.46,45,6,n,100
1031,I03132,1400,1200,1450,179.4,45,12,n,100
2156,I13830,2200,1600,1450,258.56,45,14,n,100
885,I02332,2350,1000,950,264.88,45,4,n,100
196,I00196,1200,1000,750,105.224,45,2,n,100
2151,I13822,1800,1200,930,249.0,45,9,n,100
598,I00978,1400,1200,1450,179.4,45,12,n,100
93,I00093,1900,1200,750,177.104,45,6,n,100
125,I00125,1600,1200,750,137.391,45,0,n,100
1537,I06259,2000,1200,2350,367.608,45,22,n,100
517,I00533,1600,1200,750,148.86,45,0,n,100
776,I01703,1900,1200,750,845.38,45,6,n,100
1928,I10438,780,570,478,100.96,47,8,w,4
2644,I38723,2000,1200,2350,367.608,45,22,n,100
1078,I03260,2350,1000,950,286.656,45,4,n,100
2161,I13835,2200,1600,1450,258.56,45,14,n,100
435,I00435,2200,1600,1450,258.56,45,14,n,100
828,I02006,1910,1200,1295,613.59,45,19,n,100
1039,I03140,1400,1200,1450,179.4,45,12,n,100
1142,I03714,780,570,478,160.56,47,8,w,4
141,I00141,1200,1000,975,131.366,45,2,n,100
603,I00983,1400,1200,1450,179.4,45,12,n,100
2096,I12978,780,570,478,101.52,47,8,w,4
1698,I07718,2000,1200,2350,367.608,45,22,n,100
2425,I21485,1910,1200,1295,613.59,45,19,n,100
1137,I03696,2050,1550,1450,215.582,45,7,n,100
761,I01657,1400,1200,1450,179.4,45,12,n,100
1268,I04207,1800,1400,1020,201.008,45,11,n,3
1456,I05511,1400,1200,1450,179.4,45,12,n,100
329,I00329,1200,1000,975,129.0,45,2,n,100
2006,I11357,1900,1200,750,177.104,45,6,n,100
2145,I13732,780,570,478,81.72,47,8,w,4
488,I00488,1600,1200,750,323.7,45,0,n,100
1913,I10347,2050,1550,1450,215.582,45,7,n,100
365,I00365,1800,1400,1020,201.008,45,11,n,3
1944,I10525,780,570,478,270.08,47,8,w,4
1821,I09353,2000,1200,545,408.88,45,5,n,100
2615,I37428,2000,1200,2350,367.608,45,22,n,100
1198,I04093,2350,1000,950,271.36,45,4,n,100
1830,I09440,2030,1530,1350,245.36,45,13,n,100
373,I00373,1200,1000,930,345.29,45,2,n,100
648,I01175,1400,1200,1450,179.4,45,12,n,100
2171,I14183,2030,1530,1350,245.36,45,13,n,100
433,I00433,1200,1000,975,248.88,45,2,n,100
321,I00321,2350,1000,950,286.656,45,4,n,100
731,I01500,1800,1400,1020,201.008,45,11,n,3
979,I02836,2200,1600,1450,258.56,45,14,n,100
1377,I05002,2050,1550,1450,215.582,45,7,n,100
279,I00279,1200,1000,930,347.0,45,2,n,100
1461,I05516,1400,1200,1450,179.4,45,12,n,100
58,I00058,1200,1000,975,131.366,45,2,n,100
742,I01535,2050,1550,1450,215.582,45,7,n,100
1207,I04102,1900,1200,750,177.104,45,6,n,100
1549,I06456,780,570,478,81.72,47,8,w,4
669,I01196,1400,1200,1450,179.4,45,12,n,100
1673,I07605,2050,1550,1450,215.582,45,7,n,100
1842,I09519,2000,1200,545,408.88,45,5,n,100
345,I00345,1200,1000,975,149.31,45,2,n,100
1196,I04033,2350,1000,950,272.592,45,4,n,100
406,I00406,1600,1200,1350,205.16,45,0,n,100
351,I00351,1600,1200,930,149.322,45,0,n,100
1750,I08551,2050,1550,1450,215.582,45,7,n,100
2419,I21479,1910,1200,1295,613.59,45,19,n,100
2037,I11560,1900,1200,750,177.104,45,6,n,100
994,I02888,780,570,478,104.768,47,8,w,4
423,I00423,1600,1200,930,227.0,45,0,n,100
2113,I13522,2200,1600,1450,258.56,45,14,n,100
2080,I12548,780,570,478,270.08,47,8,w,4
55,I00055,1600,1200,975,181.96,45,0,n,100
227,I00227,1600,1200,930,164.36,45,0,n,100
198,I00198,1200,1000,750,105.224,45,2,n,100
2330,I17897,2030,1530,1350,245.36,45,13,n,100
2627,I38091,2000,1200,2350,367.608,45,22,n,100
119,I00119,1600,1200,750,137.391,45,0,n,100
379,I00379,1400,1200,1450,179.4,45,12,n,100
101,I00101,1200,1000,558,61.6,0,1,n,100
2631,I38151,2000,1200,2350,367.608,45,22,n,100
2243,I15286,2200,1600,1450,258.56,45,14,n,100
2079,I12477,780,570,478,160.56,47,8,w,4
2239,I15250,1800,1200,930,249.0,45,9,n,100
2118,I13594,1910,1200,1295,613.59,45,19,n,100
1483,I05573,1400,1200,1450,179.4,45,12,n,100
645,I01172,1400,1200,1450,179.4,45,12,n,100
937,I02634,2000,1200,545,408.88,45,5,n,100
1140,I03699,2050,1550,1450,215.582,45,7,n,100
1454,I05509,1400,1200,1450,179.4,45,12,n,100
2069,I12280,2000,1200,545,408.88,45,5,n,100
2313,I16993,2000,1200,545,408.88,45,5,n,100
146,I00146,2050,1550,1450,215.582,45,7,n,100
206,I00206,1200,1000,750,105.224,45,2,n,100
1748,I08549,2050,1550,1450,215.582,45,7,n,100
663,I01190,1400,1200,1450,179.4,45,12,n,100
2304,I16680,2030,1530,975,245.764,45,13,n,100
2519,I28459,1910,1200,1295,613.59,45,19,n,100
927,I02551,2050,1550,1450,215.582,45,7,n,100
1167,I03841,1400,1200,1450,179.4,45,12,n,100
1882,I10066,780,570,478,96.256,47,8,w,4
1791,I08985,2000,1200,2350,367.608,45,22,n,100
1013,I03062,2350,1000,950,272.592,45,4,n,100
2227,I14835,2200,1600,1450,258.56,45,14,n,100
185,I00185,1200,1000,750,105.224,45,2,n,100
1465,I05520,1400,1200,1450,179.4,45,12,n,100
1851,I09594,780,570,478,100.96,47,8,w,4
2034,I11557,1900,1200,750,177.104,45,6,n,100
65,I00065,1600,1200,1350,207.72,45,0,n,100
1349,I04824,2030,1530,1350,245.36,45,13,n,100
545,I00775,2350,1000,950,271.36,45,4,n,100
1956,I10690,780,570,478,100.96,47,8,w,4
2380,I18450,1800,1200,930,249.0,45,9,n,100
727,I01496,1800,1400,1020,201.008,45,11,n,3
894,I02344,2350,1000,950,286.656,45,4,n,100
635,I01048,1800,1400,1020,303.45,45,11,n,100
344,I00344,1200,1000,975,149.31,45,2,n,100
1427,I05250,1400,1200,1450,179.4,45,12,n,100
193,I00193,1200,1000,750,105.224,45,2,n,100
2636,I38711,2000,1200,545,408.88,45,5,n,100
1290,I04397,2350,1000,950,286.656,45,4,n,100
616,I00998,2200,1600,1450,258.56,45,14,n,100
1384,I05031,780,570,478,160.56,47,8,w,4
1832,I09442,2030,1530,1350,245.36,45,13,n,100
1865,I09894,780,570,478,170.28,47,8,w,4
670,I01197,1400,1200,1450,179.4,45,12,n,100
1663,I07394,1900,1200,750,257.46,45,6,n,100
1952,I10673,2030,1530,975,245.764,45,13,n,100
284,I00284,1600,1200,930,149.322,45,0,n,100
2054,I11968,780,570,478,81.72,47,8,w,4
197,I00197,1200,1000,750,105.224,45,2,n,100
296,I00296,1600,1200,930,149.322,45,0,n,100
1719,I08211,1900,1200,750,845.38,45,6,n,100
612,I00994,2200,1600,1450,258.56,45,14,n,100
514,I00530,1600,1200,750,148.86,45,0,n,100
1020,I03121,1400,1200,1450,179.4,45,12,n,100
804,I01975,1800,1400,1020,303.45,45,11,n,100
779,I01710,2350,1000,950,264.88,45,4,n,100
2004,I11355,1900,1200,750,177.104,45,6,n,100
1407,I05106,2030,1530,1350,245.36,45,13,n,100
1035,I03136,1400,1200,1450,179.4,45,12,n,100
876,I02321,2050,1550,1450,215.582,45,7,n,100
1304,I04488,2350,1000,950,271.36,45,4,n,100
2492,I26664,1910,1200,1295,613.59,45,19,n,100
2240,I15251,1800,1200,930,249.0,45,9,n,100
2597,I34607,1910,1200,1295,613.59,45,19,n,100
2438,I21498,1910,1200,1295,613.59,45,19,n,100
1293,I04400,2350,1000,950,286.656,45,4,n,100
2204,I14495,780,570,478,170.28,47,8,w,4
163,I00163,1600,1200,930,356.2,45,0,n,100
219,I00219,1200,1000,975,139.98,45,2,n,100
2264,I16085,1800,1200,1350,820.48,45,9,n,100
398,I00398,1600,1200,1350,303.92,45,0,n,100
480,I00480,1200,1000,750,135.8,45,2,n,100
2303,I16651,1800,1200,930,249.0,45,9,n,100
592,I00972,1400,1200,1450,179.4,45,12,n,100
448,I00448,1200,1000,930,291.0,45,2,n,100
911,I02406,1800,1400,1020,201.008,45,11,n,3
708,I01477,1800,1400,1020,201.008,45,11,n,3
511,I00527,1600,1200,750,148.86,45,0,n,100
2090,I12598,780,570,478,96.256,47,8,w,4
1334,I04737,2200,1600,1450,258.56,45,14,n,100
1678,I07634,780,570,478,82.32,47,8,w,4
2326,I17893,2030,1530,1350,245.36,45,13,n,100
263,I00263,1200,1000,975,129.0,45,2,n,100
331,I00331,1200,1000,975,129.0,45,2,n,100
1362,I04955,1800,1400,1020,303.45,45,11,n,100
1153,I03749,2350,1000,950,272.592,45,4,n,100
1117,I03440,1800,1200,1350,820.48,45,9,n,100
2563,I29054,2000,1200,2350,367.608,45,22,n,100
1546,I06391,1800,1200,930,249.0,45,9,n,100
1160,I03758,1800,1200,930,249.0,45,9,n,100
1657,I07298,1800,1200,1350,820.48,45,9,n,100
2629,I38149,2000,1200,2350,367.608,45,22,n,100
167,I00167,1200,1000,930,154.3,45,2,n,100
1833,I09443,2030,1530,1350,245.36,45,13,n,100
767,I01663,1400,1200,1450,179.4,45,12,n,100
626,I01039,1800,1400,1020,303.45,45,11,n,100
1769,I08665,1900,1200,750,257.46,45,6,n,100
2561,I29052,2000,1200,2350,367.608,45,22,n,100
948,I02686,1900,1200,750,177.104,45,6,n,100
843,I02198,2030,1530,1350,245.36,45,13,n,100
2363,I18203,1910,1200,1295,613.59,45,19,n,100
559,I00827,1800,1400,1020,303.45,45,11,n,100
495,I00495,1200,1000,975,142.59,45,2,n,100
1629,I06884,2050,1550,1450,215.582,45,7,n,100
747,I01540,2050,1550,1450,215.582,45,7,n,100
2000,I11351,1900,1200,750,177.104,45,6,n,100
722,I01491,1800,1400,1020,201.008,45,11,n,3
996,I02910,1800,1400,1020,303.45,45,11,n,100
2126,I13602,1910,1200,1295,613.59,45,19,n,100
251,I00251,1600,1200,930,149.322,45,0,n,100
1226,I04144,1800,1400,1020,201.008,45,11,n,3
1444,I05351,1800,1400,1020,303.45,45,11,n,100
1637,I06932,800,600,445,16.67,0,3,n,100
393,I00393,1400,1200,1450,179.4,45,12,n,100
122,I00122,1600,1200,750,137.391,45,0,n,100
1757,I08625,1900,1200,750,177.104,45,6,n,100
988,I02882,2200,1600,1450,258.56,45,14,n,100
2052,I11966,780,570,478,81.72,47,8,w,4
1050,I03151,1400,1200,1450,179.4,45,12,n,100
917,I02425,1800,1400,1020,303.45,45,11,n,100
1074,I03240,1900,1200,750,845.38,45,6,n,100
2592,I32735,800,600,445,16.67,0,3,n,100
1725,I08516,2050,1550,1450,215.582,45,7,n,100
2244,I15287,2200,1600,1450,258.56,45,14,n,100
121,I00121,1600,1200,750,137.391,45,0,n,100
2487,I26259,800,600,445,16.67,0,3,n,100
2650,I38934,2000,1200,2350,367.608,45,22,n,100
987,I02881,2200,1600,1450,258.56,45,14,n,100
44,I00044,1600,1200,1350,207.72,45,0,n,100
2591,I32582,800,600,445,16.67,0,3,n,100
1787,I08981,2000,1200,2350,367.608,45,22,n,100
1136,I03695,2050,1550,1450,215.582,45,7,n,100
2439,I21499,1910,1200,1295,613.59,45,19,n,100
1217,I04125,2350,1000,950,286.656,45,4,n,100
151,I00151,2050,1550,1450,215.582,45,7,n,100
1823,I09398,2000,1200,545,408.88,45,5,n,100
1744,I08535,2050,1550,1450,215.582,45,7,n,100
1287,I04394,2050,1550,1450,215.582,45,7,n,100
2532,I28472,1910,1200,1295,613.59,45,19,n,100
664,I01191,1400,1200,1450,179.4,45,12,n,100
826,I02004,1910,1200,1295,613.59,45,19,n,100
2097,I13146,2030,1530,975,245.764,45,13,n,100
1280,I04315,2350,1000,950,286.656,45,4,n,100
2319,I17344,1800,1200,930,249.0,45,9,n,100
1985,I11253,2200,1600,1450,258.56,45,14,n,100
1674,I07606,2050,1550,1450,215.582,45,7,n,100
1669,I07601,2050,1550,1450,215.582,45,7,n,100
1929,I10461,2000,1200,2350,367.608,45,22,n,100
1374,I04999,2050,1550,1450,215.582,45,7,n,100
2228,I14836,2200,1600,1450,258.56,45,14,n,100
1507,I05789,2200,1600,1450,258.56,45,14,n,100
505,I00521,780,570,478,100.96,47,8,w,4
2241,I15284,2200,1600,1450,258.56,45,14,n,100
24,I00024,1600,1200,930,169.96,45,0,n,100
324,I00324,1200,1000,975,129.0,45,2,n,100
462,I00462,2200,1600,1450,258.56,45,14,n,100
681,I01358,2350,1000,950,271.36,45,4,n,100
1221,I04132,2030,1530,1350,294.22,45,13,n,100
439,I00439,1200,1000,975,142.59,45,2,n,100
2062,I12124,2030,1530,1350,245.36,45,13,n,100
2466,I23805,2030,1530,1350,245.36,45,13,n,100
563,I00839,2350,1000,950,271.36,45,4,n,100
1214,I04122,2350,1000,950,286.656,45,4,n,100
1315,I04575,2200,1600,1450,258.56,45,14,n,100
2654,I41813,800,600,445,16.67,0,3,n,100
1215,I04123,2350,1000,950,286.656,45,4,n,100
1815,I09284,780,570,478,82.32,47,8,w,4
2421,I21481,1910,1200,1295,613.59,45,19,n,100
2385,I18819,1800,1200,930,249.0,45,9,n,100
12,I00012,1600,1200,930,174.305,45,0,n,100
786,I01792,2350,1000,950,286.656,45,4,n,100
310,I00310,2350,1000,950,286.656,45,4,n,100
1611,I06866,2050,1550,1450,215.582,45,7,n,100
1265,I04204,1800,1400,1020,201.008,45,11,n,3
1986,I11254,2200,1600,1450,258.56,45,14,n,100
249,I00249,1600,1200,930,149.322,45,0,n,100
2495,I26667,1910,1200,1295,613.59,45,19,n,100
1124,I03468,780,570,478,104.768,47,8,w,4
409,I00409,1600,1200,1350,205.16,45,0,n,100
1826,I09436,2000,1200,2350,367.608,45,22,n,100
900,I02384,2200,1600,1450,258.56,45,14,n,100
2117,I13593,1910,1200,1295,613.59,45,19,n,100
871,I02316,2050,1550,1450,215.582,45,7,n,100
1251,I04174,2030,1530,1350,294.22,45,13,n,100
498,I00498,1200,1000,975,142.59,45,2,n,100
242,I00242,1800,1200,1350,820.48,45,9,n,100
1766,I08634,1900,1200,750,223.2,45,6,n,100
756,I01589,2000,1200,545,408.88,45,5,n,100
1899,I10216,2200,1600,1450,258.56,45,14,n,100
2570,I29114,2000,1200,2350,367.608,45,22,n,100
667,I01194,1400,1200,1450,179.4,45,12,n,100
133,I00133,2350,1000,950,286.656,45,4,n,100
1191,I04025,2030,1530,1350,294.22,45,13,n,100
69,I00069,1600,1200,1350,207.72,45,0,n,100
1404,I05103,1900,1200,750,177.104,45,6,n,100
867,I02312,2050,1550,1450,215.582,45,7,n,100
800,I01971,1800,1400,1020,303.45,45,11,n,100
2048,I11608,1900,1200,750,845.38,45,6,n,100
1983,I11251,2200,1600,1450,258.56,45,14,n,100
533,I00568,2350,1000,950,272.592,45,4,n,100
2610,I36612,2000,1200,545,408.88,45,5,n,100
1429,I05252,1400,1200,1450,179.4,45,12,n,100
1714,I08012,1800,1200,1350,820.48,45,9,n,100
328,I00328,1200,1000,975,129.0,45,2,n,100
72,I00072,1600,1200,1350,207.72,45,0,n,100
369,I00369,1200,1000,930,291.48,45,2,n,100
2536,I28476,1910,1200,1295,613.59,45,19,n,100
1218,I04129,1800,1200,930,249.0,45,9,n,100
985,I02879,2200,1600,1450,258.56,45,14,n,100
239,I00239,1200,1000,975,156.15,45,2,n,100
477,I00477,1200,1000,975,329.77,45,2,n,100
2009,I11436,1900,1200,750,257.46,45,6,n,100
516,I00532,1600,1200,750,148.86,45,0,n,100
25,I00025,1600,1200,930,169.96,45,0,n,100
2584,I32524,2000,1200,2350,367.608,45,22,n,100
902,I02397,1800,1400,1020,201.008,45,11,n,3
2338,I18178,1910,1200,1295,613.59,45,19,n,100
309,I00309,1600,1200,930,387.3,45,0,n,100
1413,I05112,2030,1530,1350,294.22,45,13,n,100
1699,I07719,2000,1200,2350,367.608,45,22,n,100
1729,I08520,2050,1550,1450,215.582,45,7,n,100
99,I00099,1900,1200,750,177.104,45,6,n,100
1991,I11335,2030,1530,1350,245.36,45,13,n,100
1964,I10900,1800,1200,930,249.0,45,9,n,100
1235,I04153,1800,1400,1020,201.008,45,11,n,3
2378,I18377,2000,1200,545,408.88,45,5,n,100
1055,I03162,2350,1000,950,272.592,45,4,n,100
49,I00049,1200,1000,930,152.366,45,2,n,100
684,I01363,1900,1200,750,257.46,45,6,n,100
1775,I08894,2200,1600,1450,258.56,45,14,n,100
1892,I10077,2000,1200,2350,367.608,45,22,n,100
2440,I21500,1910,1200,1295,613.59,45,19,n,100
463,I00463,2200,1600,1450,258.56,45,14,n,100
2036,I11559,1900,1200,750,177.104,45,6,n,100
2434,I21494,1910,1200,1295,613.59,45,19,n,100
1071,I03229,2350,1000,950,271.36,45,4,n,100
1158,I03754,2350,1000,950,272.592,45,4,n,100
1812,I09238,2000,1200,545,408.88,45,5,n,100
1630,I06885,2050,1550,1450,215.582,45,7,n,100
1342,I04773,1800,1400,1020,303.45,45,11,n,100
1173,I03847,1400,1200,1450,179.4,45,12,n,100
285,I00285,1600,1200,930,149.322,45,0,n,100
2609,I36564,800,600,445,16.67,0,3,n,100
2230,I14838,2200,1600,1450,258.56,45,14,n,100
292,I00292,1600,1200,930,149.322,45,0,n,100
879,I02324,2050,1550,1450,215.582,45,7,n,100
1608,I06829,1800,1200,1350,820.48,45,9,n,100
1464,I05519,1400,1200,1450,179.4,45,12,n,100
810,I01988,1910,1200,1295,613.59,45,19,n,100
1595,I06816,1910,1200,1295,613.59,45,19,n,100
2116,I13592,1910,1200,1295,613.59,45,19,n,100
188,I00188,1200,1000,750,105.224,45,2,n,100
1240,I04158,1800,1400,1020,201.008,45,11,n,3
1046,I03147,1400,1200,1450,179.4,45,12,n,100
2229,I14837,2200,1600,1450,258.56,45,14,n,100
2164,I13951,1800,1200,930,249.0,45,9,n,100
257,I00257,1200,1000,975,129.0,45,2,n,100
223,I00223,1200,1000,975,139.98,45,2,n,100
403,I00403,1600,1200,930,547.3,45,0,n,100
620,I01016,2050,1550,1450,215.582,45,7,n,100
2186,I14297,780,570,478,170.28,47,8,w,4
1895,I10190,1800,1200,930,249.0,45,9,n,100
2647,I38931,2000,1200,2350,367.608,45,22,n,100
736,I01521,2350,1000,950,271.36,45,4,n,100
1906,I10223,2200,1600,1450,258.56,45,14,n,100
2641,I38720,2000,1200,2350,367.608,45,22,n,100
78,I00078,1200,1000,975,131.366,45,2,n,100
1706,I07754,1800,1200,930,249.0,45,9,n,100
2397,I20612,2030,1530,975,245.764,45,13,n,100
709,I01478,1800,1400,1020,201.008,45,11,n,3
76,I00076,1200,1000,975,131.366,45,2,n,100
781,I01721,1800,1200,930,249.0,45,9,n,100
907,I02402,1800,1400,1020,201.008,45,11,n,3
2630,I38150,2000,1200,2350,367.608,45,22,n,100
887,I02337,2350,1000,950,286.656,45,4,n,100
18,I00018,1200,1000,930,291.48,45,2,n,100
1647,I07013,2050,1550,1450,215.582,45,7,n,100
165,I00165,1200,1000,930,154.3,45,2,n,100
128,I00128,1600,1200,975,187.72,45,0,n,100
2437,I21497,1910,1200,1295,613.59,45,19,n,100
170,I00170,1600,1200,930,551.56,45,0,n,100
1383,I05008,2050,1550,1450,215.582,45,7,n,100
671,I01198,1400,1200,1450,179.4,45,12,n,100
1157,I03753,2350,1000,950,272.592,45,4,n,100
2245,I15346,2030,1530,975,245.764,45,13,n,100
339,I00339,1600,1200,930,364.84,45,0,n,100
2514,I28454,1910,1200,1295,613.59,45,19,n,100
803,I01974,1800,1400,1020,303.45,45,11,n,100
2318,I17343,1800,1200,930,249.0,45,9,n,100
773,I01669,1400,1200,1450,179.4,45,12,n,100
1224,I04142,1800,1400,1020,201.008,45,11,n,3
1709,I07927,1800,1200,930,249.0,45,9,n,100
1149,I03745,2350,1000,950,272.592,45,4,n,100
1505,I05787,2200,1600,1450,258.56,45,14,n,100
677,I01258,1800,1200,930,249.0,45,9,n,100
422,I00422,1600,1200,930,227.0,45,0,n,100
1108,I03360,2000,1200,545,408.88,45,5,n,100
829,I02007,1910,1200,1295,613.59,45,19,n,100
461,I00461,2200,1600,1450,258.56,45,14,n,100
2383,I18570,1800,1200,1350,820.48,45,9,n,100
973,I02815,1800,1400,1020,303.45,45,11,n,100
792,I01838,2350,1000,950,271.36,45,4,n,100
1693,I07713,2000,1200,2350,367.608,45,22,n,100
1357,I04851,2000,1200,545,408.88,45,5,n,100
2297,I16507,1800,1200,930,249.0,45,9,n,100
895,I02345,2350,1000,950,286.656,45,4,n,100
594,I00974,1400,1200,1450,179.4,45,12,n,100
857,I02302,2350,1000,950,271.36,45,4,n,100
1762,I08630,1900,1200,750,177.104,45,6,n,100
1559,I06560,1900,1200,750,177.104,45,6,n,100
553,I00821,1800,1400,1020,303.45,45,11,n,100
1856,I09836,780,570,478,81.72,47,8,w,4
2399,I20647,800,600,445,16.67,0,3,n,100
1070,I03186,2050,1550,1450,215.582,45,7,n,100
1139,I03698,2050,1550,1450,215.582,45,7,n,100
1758,I08626,1900,1200,750,177.104,45,6,n,100
48,I00048,1200,1000,930,152.366,45,2,n,100
248,I00248,1600,1200,930,149.322,45,0,n,100
2347,I18187,1910,1200,1295,613.59,45,19,n,100
1942,I10521,780,570,478,104.768,47,8,w,4
1717,I08060,1800,1200,930,249.0,45,9,n,100
2258,I16058,2030,1530,1350,245.36,45,13,n,100
1487,I05577,1400,1200,1450,179.4,45,12,n,100
2589,I32529,2000,1200,2350,367.608,45,22,n,100
778,I01709,2030,1530,1350,294.22,45,13,n,100
2246,I15347,2030,1530,975,245.764,45,13,n,100
2121,I13597,1910,1200,1295,613.59,45,19,n,100
337,I00337,1200,1000,975,134.92,45,2,n,100
784,I01790,2350,1000,950,286.656,45,4,n,100
278,I00278,1200,1000,758,127.4,0,1,n,100
2165,I13952,1800,1200,930,249.0,45,9,n,100
873,I02318,2050,1550,1450,215.582,45,7,n,100
311,I00311,2350,1000,950,286.656,45,4,n,100
115,I00115,1600,1200,750,137.391,45,0,n,100
2066,I12128,2030,1530,1350,245.36,45,13,n,100
1875,I10034,1800,1200,930,249.0,45,9,n,100
1508,I05790,2200,1600,1450,258.56,45,14,n,100
975,I02817,1800,1400,1020,303.45,45,11,n,100
1852,I09595,780,570,478,100.96,47,8,w,4
521,I00539,1600,1200,930,356.56,45,0,n,100
432,I00432,1200,1000,975,142.59,45,2,n,100
1536,I06258,2000,1200,2350,367.608,45,22,n,100
1248,I04166,1800,1400,1020,201.008,45,11,n,3
1401,I05100,1900,1200,750,177.104,45,6,n,100
16,I00016,1200,1000,1057,98.31,0,1,n,100
1963,I10886,1800,1200,930,249.0,45,9,n,100
1935,I10467,2000,1200,2350,367.608,45,22,n,100
769,I01665,1400,1200,1450,179.4,45,12,n,100
1886,I10071,2000,1200,2350,367.608,45,22,n,100
1728,I08519,2050,1550,1450,215.582,45,7,n,100
1947,I10648,780,570,478,82.32,47,8,w,4
160,I00160,2050,1550,1450,215.582,45,7,n,100
1195,I04032,2350,1000,950,272.592,45,4,n,100
1726,I08517,2050,1550,1450,215.582,45,7,n,100
186,I00186,1200,1000,750,105.224,45,2,n,100
1101,I03290,780,570,478,160.56,47,8,w,4
1620,I06875,2050,1550,1450,215.582,45,7,n,100
2633,I38332,2000,1200,545,408.88,45,5,n,100
2455,I22564,800,600,445,16.67,0,3,n,100
566,I00854,780,570,478,100.96,47,8,w,4
1385,I05032,780,570,478,160.56,47,8,w,4
2651,I40623,2400,1200,1490,340.5,45,24,n,100
273,I00273,1600,1200,930,227.44,45,0,n,100
1034,I03135,1400,1200,1450,179.4,45,12,n,100
705,I01474,1800,1400,1020,201.008,45,11,n,3
2197,I14458,2030,1530,1350,294.22,45,13,n,100
2569,I29113,2000,1200,2350,367.608,45,22,n,100
2139,I13683,1800,1200,930,249.0,45,9,n,100
737,I01530,2050,1550,1450,215.582,45,7,n,100
298,I00298,1600,1200,930,149.322,45,0,n,100
1348,I04823,2030,1530,1350,245.36,45,13,n,100
123,I00123,1600,1200,750,137.391,45,0,n,100
356,I00356,1800,1400,1020,201.008,45,11,n,3
357,I00357,1800,1400,1020,201.008,45,11,n,3
868,I02313,2050,1550,1450,215.582,45,7,n,100
336,I00336,1200,1000,975,134.92,45,2,n,100
1831,I09441,2030,1530,1350,245.36,45,13,n,100
1530,I06160,2000,1200,545,408.88,45,5,n,100
2603,I34985,2400,1600,1450,282.664,45,20,n,100
1209,I04104,1900,1200,750,177.104,45,6,n,100
2311,I16987,1800,1200,930,249.0,45,9,n,100
515,I00531,1600,1200,750,148.86,45,0,n,100
2496,I26668,1910,1200,1295,613.59,45,19,n,100
918,I02426,1800,1400,1020,303.45,45,11,n,100
487,I00487,1600,1200,750,323.7,45,0,n,100
724,I01493,1800,1400,1020,201.008,45,11,n,3
493,I00493,1200,1000,750,223.3,45,2,n,100
855,I02300,2350,1000,950,271.36,45,4,n,100
1727,I08518,2050,1550,1450,215.582,45,7,n,100
70,I00070,1600,1200,1350,207.72,45,0,n,100
1009,I03058,2350,1000,950,272.592,45,4,n,100
1112,I03386,2350,1000,950,286.656,45,4,n,100
1548,I06455,780,570,478,81.72,47,8,w,4
194,I00194,1200,1000,750,105.224,45,2,n,100
1513,I05865,2200,1600,1450,258.56,45,14,n,100
2435,I21495,1910,1200,1295,613.59,45,19,n,100
260,I00260,1200,1000,975,129.0,45,2,n,100
1263,I04202,1800,1400,1020,201.008,45,11,n,3
750,I01543,2050,1550,1450,215.582,45,7,n,100
2078,I12469,1900,1200,750,713.62,45,6,n,100
1364,I04985,1900,1200,750,257.46,45,6,n,100
226,I00226,1200,1000,459,46.48,0,1,n,100
366,I00366,1800,1400,1020,201.008,45,11,n,3
1166,I03840,1400,1200,1450,179.4,45,12,n,100
2598,I34608,1910,1200,1295,613.59,45,19,n,100
1692,I07700,780,570,478,100.96,47,8,w,4
1415,I05154,780,570,478,100.96,47,8,w,4
2480,I24519,2000,1200,545,408.88,45,5,n,100
228,I00228,1200,1000,359,123.5,0,1,n,100
950,I02708,1400,1200,1450,179.4,45,12,n,100
753,I01546,2050,1550,1450,215.582,45,7,n,100
1394,I05093,1900,1200,750,177.104,45,6,n,100
1858,I09838,780,570,478,81.72,47,8,w,4
1523,I06121,1910,1200,1295,613.59,45,19,n,100
1644,I07008,2000,1200,545,408.88,45,5,n,100
1747,I08548,2050,1550,1450,215.582,45,7,n,100
425,I00425,1600,1200,975,166.392,45,0,n,100
1853,I09596,780,570,478,100.96,47,8,w,4
2331,I17898,2030,1530,1350,245.36,45,13,n,100
94,I00094,1900,1200,750,177.104,45,6,n,100
1305,I04489,2350,1000,950,271.36,45,4,n,100
1881,I10040,1800,1200,1350,820.48,45,9,n,100
579,I00886,2030,1530,1350,245.36,45,13,n,100
665,I01192,1400,1200,1450,179.4,45,12,n,100
899,I02383,2200,1600,1450,258.56,45,14,n,100
118,I00118,1600,1200,750,137.391,45,0,n,100
2356,I18196,1910,1200,1295,613.59,45,19,n,100
1588,I06809,1910,1200,1295,613.59,45,19,n,100
2554,I28570,2000,1200,2350,367.608,45,22,n,100
1155,I03751,2350,1000,950,272.592,45,4,n,100
2458,I22758,2030,1530,975,245.764,45,13,n,100
865,I02310,2050,1550,1450,215.582,45,7,n,100
2317,I17342,1800,1200,930,249.0,45,9,n,100
1883,I10067,780,570,478,96.256,47,8,w,4
1403,I05102,1900,1200,750,177.104,45,6,n,100
381,I00381,1400,1200,1450,179.4,45,12,n,100
2442,I21502,1910,1200,1295,613.59,45,19,n,100
556,I00824,1800,1400,1020,303.45,45,11,n,100
1239,I04157,1800,1400,1020,201.008,45,11,n,3
1988,I11260,1800,1200,930,249.0,45,9,n,100
1075,I03249,2350,1000,950,271.36,45,4,n,100
1784,I08964,780,570,478,96.256,47,8,w,4
2267,I16103,2030,1530,975,245.764,45,13,n,100
982,I02839,2200,1600,1450,258.56,45,14,n,100
2656,I43209,800,600,445,16.67,0,3,n,100
2346,I18186,1910,1200,1295,613.59,45,19,n,100
1028,I03129,1400,1200,1450,179.4,45,12,n,100
387,I00387,1400,1200,1450,179.4,45,12,n,100
1550,I06458,2030,1530,1350,294.22,45,13,n,100
1605,I06826,1910,1200,1295,613.59,45,19,n,100
1636,I06891,2050,1550,1450,215.582,45,7,n,100
1855,I09725,1800,1200,1350,820.48,45,9,n,100
2012,I11513,1900,1200,750,177.104,45,6,n,100
1746,I08547,2050,1550,1450,215.582,45,7,n,100
2358,I18198,1910,1200,1295,613.59,45,19,n,100
666,I01193,1400,1200,1450,179.4,45,12,n,100
1850,I09593,780,570,478,100.96,47,8,w,4
178,I00178,1200,1000,750,105.224,45,2,n,100
